active,location_id,location_name,location_name_fr,operated_by,operated_by_fr,city,address,address_fr,postal_code,province,latitude,longitude,region,region_fr,phu_id,PHU,PHU_fr,phone,website,monday,tuesday,wednesday,thursday,friday,after_hours,appointments,walk_ins,drive_through,children_under_2,accessible
Yes,1,Kirkland and District Hospital,Kirkland and District Hospital,Kirkland Lake Hospital,Kirkland Hospital,Kirkland Lake,145 Government Road East,145 chemin Government Est,P2N 3P4,ON,48.153552,-80.014725,North,Nord,1,Timiskaming Health Unit,Services de santé du Timiskaming,705-568-2127,,9:00-13:00,9:00-13:00,9:00-13:00,9:00-13:00,9:00-13:00,Yes,Yes,No,Yes,,Yes
Yes,2,Collingwood Health Centre,Collingwood Health Centre,Georgian Bay Family Health Team and Collingwood General & Marine Hospital,Équipe Santé familiale de la baie Georgienne et Collingwood General & Marine Hospital,Collingwood,186 Erie Street,186 rue Erie,L9Y 4T3,ON,44.501231,-80.204437,Central,Centre,2,Simcoe Muskoka District Health Unit,Bureau de santé publique du district de Simcoe-Muskoka,705-444-5885,www.gbfht.ca/cac,8:00-18:00,8:00-18:00,8:00-18:00,8:00-18:00,8:00-18:00,,Yes,No,Yes,,Yes
Yes,3,Chigamik Community Health Centre,Chigamik Community Health Centre,Georgian Bay General Hospital,Hôpital général de la baie Georgienne,Midland,"845 King Street, Unit 3",845 rue King,L4R 0B7,ON,44.73475,-79.870959,Central,Centre,2,Simcoe Muskoka District Health Unit,Bureau de santé publique du district de Simcoe-Muskoka,705-529-1025,http://gbgh.on.ca/covid-19-self-assessment-tool/,8:00-16:00,,8:00-20:00,,8:00-16:00,,Yes,No,No,,
Yes,4,Milton District Hospital,Hôpital du district de Milton,Halton Healthcare Services - Milton,Halton Healthcare Services - Milton,Milton,725 Bronte Street South,725 rue Bronte Sud,L9T 9K1,ON,43.497418,-79.868476,Central,Centre,3,Halton Region Health Department,Service de santé de la région d'Halton,905-203-7963,https://www.haltonhealthcare.on.ca/,9:00-16:30,9:00-16:30,9:00-16:30,9:00-16:30,9:00-16:30,,Yes,No,,,
Yes,5,Oakville Trafalgar Memorial Hospital,Oakville Trafalger Memorial Hospital,Halton Healthcare Services - Oakville,Halton Healthcare Services - Oakville,Oakville,3001 Hospital Gate,3001 Hospital Gate,L6M 0L8,ON,43.450869,-79.763927,Central,Centre,3,Halton Region Health Department,Service de santé de la région d'Halton,905-203-7963,https://www.haltonhealthcare.on.ca/,9:00-16:30,9:00-16:30,9:00-16:30,9:00-16:30,9:00-16:30,,Yes,No,,,
Yes,6,Georgetown Hospital,Hôpital de Georgetown,Halton Healthcare Services - Georgetown,Halton Healthcare Services - Georgetown,Georgetown,1 Princess Anne Drive,1 chemin Princess Anne,L7G 2B8,ON,43.644985,-79.933321,Central,Centre,3,Halton Region Health Department,Service de santé de la région d'Halton,905-203-7963,https://www.haltonhealthcare.on.ca/,9:00-16:30,9:00-16:30,9:00-16:30,9:00-16:30,9:00-16:30,,Yes,No,,,
Yes,7,Headwaters Health Care Centre,Headwaters Health Care Centre,Headwaters Health Care Centre,Headwaters Health Care Centre,Orangeville,140 Rolling Hills Drive,140 chemin Rolling Hills,L9W 4X9,ON,43.920672,-80.072222,Central,Centre,4,Wellington-Dufferin-Guelph Health Unit,Bureau de santé publique de Wellington-Dufferin-Guelph,519-822-2715 ext. 7006,https://www.wdgpublichealth.ca/your-health/covid-19-information-public/assessment-centres-wdg,9:00-16:00,9:00-16:00,9:00-16:00,9:00-16:00,9:00-16:00,,,Yes,Yes,,Yes
Yes,8,MacKenzie Health,MacKenzie Health,MacKenzie Health,MacKenzie Health,Richmond Hill,10 Trench Street,10 rue Trench,L4C 4Z3,ON,43.870017,-79.450278,Central,Centre,5,York Region Public Health Services,Service de santé de la région de York,905-883-1212 ext. 2004,https://www.mackenziehealth.ca/en/about-us/get-the-latest-information-on-covid-19.aspx,10:00-21:30,10:00-21:30,10:00-21:30,10:00-21:30,10:00-21:30,,Yes,No,,,
Yes,9,Markham Stouffville Hospital,Hôpital de Markham-Stouffville,Markham Stouffville Hospital,Hôpital de Markham-Stouffville,Markham,381 Church Street,381 rue Church,L3P 7P3,ON,43.884138,-79.231961,Central,Centre,5,York Region Public Health Services,Service de santé de la région de York,,https://www.msh.on.ca/about-us/covid-19-information-page#assessment,9:00-19:00,9:00-19:00,9:00-19:00,9:00-19:00,9:00-19:00,,No,Yes,No,,
Yes,10,Bracebridge Rotary Centre,Bracebridge Rotary Centre,Muskoka Algonquin Healthcare,Muskoka Algonquin Healthcare,Bracebridge,131 Wellington Street,131 rue Wellington,P1L 1E2,ON,45.037419,-79.318023,Central,Centre,2,Simcoe Muskoka District Health Unit,Bureau de santé publique du district de Simcoe-Muskoka,1-888-383-7009,https://www.mahc.ca/en/services/covid19.aspx#,9:00-17:00,9:00-17:00,9:00-17:00,9:00-17:00,9:00-17:00,,Yes,No,,,
Yes,11,Huntsville District Memorial Hospital,Hôpital Memorial du district de Huntsville,Muskoka Algonquin Healthcare,Muskoka Algonquin Healthcare,Huntsville,100 Frank Miller Drive,100 chemin Frank Miller,P1H 1H7,ON,45.339214,-79.20568,Central,Centre,2,Simcoe Muskoka District Health Unit,Bureau de santé publique du district de Simcoe-Muskoka,1-888-383-7009,https://www.mahc.ca/en/services/covid19.aspx#,9:00-17:00,9:00-17:00,9:00-17:00,9:00-17:00,9:00-17:00,,Yes,No,,,
Yes,12,Orillia Soldiers' Memorial Hospital,Hôpital Soldiers' Memorial d'Orillial,Orillia Soldiers' Memorial Hospital,Hôpital Soldiers' Memorial d'Orillial,Orillia,170 Colborne Street East,170 rue Colborne Est,L3V 2Z3,ON,44.605137,-79.425686,Central,Centre,2,Simcoe Muskoka District Health Unit,Bureau de santé publique du district de Simcoe-Muskoka,705-325-2201,https://www.osmh.on.ca/covid-19/,11:00-19:00,11:00-19:00,11:00-19:00,11:00-19:00,11:00-19:00,,No,Yes,Yes,,Yes
Yes,13,Barrie Community Health Centre,Barrie Community Health Centre,Royal Victoria Regional Health Centre,Royal Victoria Regional Health Centre,Barrie,490 Huronia Road,490 chemin Huronia,L4N 6M2,ON,44.34716,-79.665693,Central,Centre,2,Simcoe Muskoka District Health Unit,Bureau de santé publique du district de Simcoe-Muskoka,,https://www.rvh.on.ca/SitePages/coronavirus.aspx,8:00-16:30,8:00-16:30,8:00-16:30,8:00-16:30,8:00-16:30,,,,,,
Yes,14,Southlake Regional Health Centre,Southlake Regional Health Centre,Southlake Regional Health Centre,Southlake Regional Health Centre,Newmarket,596 Davis Drive,596 chemin Davis,L3Y 2P9,ON,44.060427,-79.452114,Central,Centre,5,York Region Public Health Services,Service de santé de la région de York,905-895-4521,https://southlake.ca/covid-19/#assessment-centre,9:00-21:00,9:00-21:00,9:00-21:00,9:00-21:00,9:00-21:00,,No,Yes,No,,
Yes,15,Stevenson Memorial Hospital,Hôpital Stevenson Memorial,Stevenson Memorial Hospital,Hôpital Stevenson Memorial,Alliston,200 Fletcher Crescent,200 Fletcher Crescent,L9R 1W7,ON,44.155578,-79.875078,Central,Centre,2,Simcoe Muskoka District Health Unit,Bureau de santé publique du district de Simcoe-Muskoka,705-435-6281,http://www.stevensonhospital.ca/news/index.html?id=265,15:00-19:00,,15:00-19:00,,15:00-19:00,,No,Yes,Yes,No,Yes
Yes,16,Trillium Health Partners - Clinical Administrative Building,Trillium Health Partners - Clinical Administrative Building,Trillium Health Partners - Clin Admin Bldg,Trillium Health Partners - Clin Admin Bldg,Mississauga,15 Bronte College Court,15 Bronte College Court,L5B 1M9,ON,43.572542,-79.60644,Central,Centre,6,Peel Public Health,Bureau de santé de la région de Peel,,https://trilliumhealthpartners.ca/covid-19/A/assessment.html#starthere,8:30-19:30,8:30-19:30,8:30-19:30,8:30-19:30,8:30-19:30,,,Yes,,,
Yes,17,Credit Valley – Drive-Thru,Hôpital Credit Valley - Drive-Thru,Trillium Health Partners,Trillium Health Partners,Mississauga,2200 Eglinton Avenue West,2200 chemin Eglinton Ouest,L5M 2N1,ON,43.558655,-79.703279,Central,Centre,6,Peel Public Health,Bureau de santé de la région de Peel,,https://trilliumhealthpartners.ca/covid-19/A/assessment.html#starthere,8:30-19:30,8:30-19:30,8:30-19:30,8:30-19:30,8:30-19:30,,,,Yes,No,Yes
Yes,18,Credit Valley Hospital – Valley House,Credit Valley Hospital – Valley House,Trillium Health Partners - Credit Valley Hospital,Trillium Health Partners,Mississauga,2200 Erin Mills Parkway,2200 Erin Mills Parkway,L5M 7S4,ON,43.558255,-79.704256,Central,Centre,6,Peel Public Health,Bureau de santé de la région de Peel,,https://trilliumhealthpartners.ca/covid-19/A/assessment.html#starthere,8:30-19:30,8:30-19:30,8:30-19:30,8:30-19:30,8:30-19:30,,,Yes,,,
Yes,19,William Osler Health System - Humber,William Osler Health System - Humber,William Osler Health System - Etobicoke,William Osler Health System - Etobicoke,Etobicoke,2 Janda Court,2 Janda Court,M9W 0A4,ON,43.723113,-79.601028,Central,Centre,6,Toronto Public Health,Bureau de santé de Toronto,,https://www.williamoslerhs.ca/patients-and-families/preparing-for-your-visit-or-stay/coronavirus-information-for-patients-families/assessment-centre-for-covid-19,8:00-18:00,8:00-18:00,8:00-18:00,8:00-18:00,8:00-18:00,,,Yes,Yes,,Yes
Yes,20,"William Osler Health System - South Fletcher's Sportsplex, Brampton","William Osler Health System - South Fletcher's Sportsplex, Brampton",William Osler Health System,William Osler Health System,Brampton,500 Ray Lawson Boulevard,500 boulevard Ray Lawson,L6W 2Z8,ON,43.652811,-79.735964,Central,Centre,6,Peel Public Health,Bureau de santé de la région de Peel,,https://www.williamoslerhs.ca/patients-and-families/preparing-for-your-visit-or-stay/coronavirus-information-for-patients-families/assessment-centre-for-covid-19,8:00-20:00,8:00-20:00,8:00-20:00,8:00-20:00,8:00-20:00,,No,Yes,,,
Yes,21,Almonte General Hospital,Hôpital général d'Almonte,Almonte General Hospital,Hôpital général d'Almonte,Almonte,75 Spring Drive,75 chemin Spring,K0A 1A0,ON,45.228961,-76.189452,East,Est,7,"Leeds, Grenville and Lanark District Health Unit",Bureau de santé du district de Leeds,613-325-1208,http://www.almontegeneral.com/assessmentcentre,8:00-18:00,8:00-18:00,8:00-18:00,8:00-18:00,8:00-18:00,,Yes,No,Yes,No,Yes
Yes,22,Brockville General Hospital,Hôpital général de Brockville,Brockville General Hospital,Hôpital général de Brockville,Brockville,100 Magedoma Blvd,100 boul. Magedoma,K6V 7J5,ON,44.610024,-75.699937,East,Est,7,"Leeds, Grenville and Lanark District Health Unit",Bureau de santé du district de Leeds,613-704-1441,https://www.brockvillegeneralhospital.ca/en/patient-care/covid-19-coronavirus.aspx#,10:00-17:30,10:00-17:30,10:00-17:30,10:00-17:30,10:00-17:30,,No,Yes,,Yes,
Yes,23,Brewer Park Arena,Brewer Park Arena,The Ottawa Hospital and CHEO,L'Hôpital d'Ottawa et CHEO,Ottawa,151 Brewer Way,151 chemin Brewer Way,K1S 5T1,ON,45.389239,-75.690478,East,Est,8,Ottawa Public Health,Bureau de santé publique d'Ottawa,,https://www.ottawapublichealth.ca/en/public-health-topics/novel-coronavirus.aspx,9:00-15:30,9:00-15:30,9:00-15:30,9:00-15:30,9:00-15:30,,No,Yes,,Yes,
Yes,24,Cornwall COVID-19 Assessment Centre,Cornwall - Centre d’évaluation pour la COVID-19,Cornwall Community Hospital,Hôpital communautaire de Cornwall,Cornwall,850 McConnell Avenue,850 avenue McConnell,K6H 4M3,ON,45.030101,-74.717964,East,Est,9,Eastern Ontario Health Unit,Bureau de santé de l'est de l'Ontario,613-935-7762,https://eohu.ca/en/covid/covid-19-testing-assessment-centres,8:30-15:30,8:30-15:30,8:30-15:30,8:30-15:30,8:30-15:30,,Yes,No,,No,
Yes,25,Akausivik Inuit Family Health Team - COVID-19 Assessment Centre,Akausivik Inuit Family Health Team -Centre d'èvaluation de la COVID-19,Akausivik Inuit Family Health Team Assessment Centre provides culturally specific services for Inuit (please call first),Akausivik Inuit Family Health Team Assessment Centre provides culturally specific services for Inuit (please call first),Ottawa,"24 Selkirk Street, Suite 300",24 rue Selkirk,K1L 0A4,ON,45.431716,-75.667688,East,Est,8,Ottawa Public Health,Bureau de santé publique d'Ottawa,613-740-0999,https://eohu.ca/en/covid-19-novel-coronavirus,9:00-17:00,9:00-17:00,9:00-17:00,9:00-17:00,9:00-17:00,,,,,,
Yes,26,Haliburton Highlands Health Services,Haliburton Highlands Health Services,Haliburton Highlands Health Services,Haliburton Highlands Health Services,Haliburton,7217 Gelert Road,7217 chemin Gelert,K0M 1S0,ON,45.039054,-78.528165,East,Est,10,"Haliburton, Kawartha, Pine Ridge District Health Unit",Bureau de santé du district d'Haliburton-Kawartha-Pine Ridge,"705-457-1212, ext. 6",https://www.haliburtoncares.ca/,9:00-13:00,9:00-13:00,,9:00-13:00,9:00-13:00,,Yes,No,,No,
Yes,27,Hawkesbury and District General Hospital  - Children Rehab Clinic,Hawkesbury and District General Hospital  - Children Rehab Clinic,Hawkesbury and District General Hospital,Hôpital Général de Hawkesbury,Hawkesbury,750 Laurier Street,750 rue Laurier,K6A 3N9,ON,45.603834,-74.598607,East,Est,9,Eastern Ontario Health Unit,Bureau de santé de l'est de l'Ontario,1-800-267-7120,https://eohu.ca/en/covid/covid-19-testing-assessment-centres,9:00-17:00,9:00-17:00,9:00-17:00,9:00-17:00,9:00-17:00,,No,Yes,,No,
Yes,28,Casselman COVID-19 Assessment Centre,Casselman - Centre d’évaluation pour la COVID-19,Eastern Ontario Health Unit - Casselman office,Eastern Ontario Health Unit - Casselman office,Casselman,872 Principale Street,872 rue Principale,K0A 1M0,ON,45.321488,-75.106032,East,Est,9,Eastern Ontario Health Unit,Bureau de santé de l'est de l'Ontario,1-800-267-7120,https://eohu.ca/en/covid/covid-19-testing-assessment-centres,9:00-15:00,9:00-15:00,9:00-15:00,9:00-15:00,9:00-15:00,,No,Yes,Yes,No,Yes
Yes,29,Rockland COVID-19 Assessment Centre,Rockland - Centre d’évaluation pour la COVID-19,Clarence-Rockland Family Health Team Office,Équipe de santé familiale Clarence-Rockland,Rockland,2741 Chamberland Street,2741 Chemin Chamberland,K4K 0B4,ON,45.544511,-75.301242,East,Est,9,Eastern Ontario Health Unit,Bureau de santé de l'est de l'Ontario,1-800-267-7120,https://eohu.ca/en/covid/covid-19-testing-assessment-centres,9:00-15:00,9:00-15:00,9:00-15:00,9:00-15:00,9:00-15:00,,Yes,No,,No,
Yes,30,Hôpital Montfort - St. Patrick's Intermediate School,Hôpital Montfort - St. Patrick's Intermediate School,Hôpital Montfort,Hôpital Montfort,Ottawa,1485 Heron Road,1485 chemin Heron,K1V 6A6,ON,45.38042,-75.654826,East,Est,8,Ottawa Public Health,Bureau de santé publique d'Ottawa,613-746-4621,https://hopitalmontfort.com/en/second-covid-19-care-clinic-opening-ottawa-east-thursday,9:00-15:30,9:00-15:30,9:00-15:30,9:00-15:30,9:00-15:30,,,Yes,,,
Yes,31,Kingston Memorial Centre,Kingston Memorial Centre,Kingston Health Sciences Centre,Kingston Health Sciences Centre,Kingston,303 York Street,303 rue York,K7K 4M4,ON,44.239256,-76.500034,East,Est,11,"Kingston, Frontenac and Lennox & Addington Health Unit",Bureau de santé de Kingston,613-549-1232,https://www.kflaph.ca/Modules/News/index.aspx?newsId=ac53feb2-35a4-4a09-bd86-dd7c62755eaa,10:00-18:00,10:00-18:00,10:00-18:00,10:00-18:00,10:00-18:00,,,,,,
Yes,32,Lakeridge Health - Oshawa,Lakeridge Health - Oshawa,Lakeridge Health,Lakeridge Health,Oshawa,1 Hospital Court,1 Hospital Court,L1G 2B9,ON,43.905529,-78.869215,East,Est,12,Durham Region Health Department,Service de santé de la région de Durham,,covidswab.lh.ca,9:00-21:00,9:00-21:00,9:00-21:00,9:00-21:00,9:00-21:00,,Yes,,,,
Yes,33,Lakeridge Health - Ajax Pickering,Lakeridge Health - Ajax Pickering,Lakeridge Health,Lakeridge Health,Ajax,580 Harwood Avenue South,580 avenue Harwood Sud,L1S 2J4,ON,43.836799,-79.017114,East,Est,12,Durham Region Health Department,Service de santé de la région de Durham,,covidswab.lh.ca,8:00-18:00,8:00-18:00,8:00-18:00,8:00-18:00,8:00-18:00,,Yes,No,,No,
Yes,34,Lennox and Addington County General Hospital,Hôpital général du comté de Lennox and Addington,Lennox and Addington County General Hospital,Hôpital général du comté de Lennox and Addingtonl,Napanee,310 Bridge Street West,310 rue Bridge Ouest,K7R 2Z4,ON,44.239028,-76.969627,East,Est,11,"Kingston, Frontenac and Lennox & Addington Health Unit",Bureau de santé de Kingston,613-354-8254,http://web.lacgh.napanee.on.ca/en/newsroom?newsid=84,9:00-15:00,9:00-15:00,9:00-15:00,9:00-15:00,9:00-15:00,,Yes,No,,,
Yes,35,Akwesasne COVID-19 Assessment Centre,Akwesasne - Centre d’évaluation pour la COVID-19,Mohawk Council of Akwesasne Department of Health,Mohawk Council of Akwesasne Department of Health,Akwesasne,31 Hilltop Drive,31 chemin Hilltop,H0M 1A0,QC,44.999832,-74.654378,East,Est,9,Eastern Ontario Health Unit,Bureau de santé de l'est de l'Ontario,613-575-5005 ext. 3704 or 613-575-2331 ext. 3702,http://www.akwesasne.ca/covid-19-novel-coronavirus-information/,8:00-16:00,8:00-16:00,8:00-16:00,8:00-16:00,8:00-16:00,,Yes,No,Yes,No,Yes
Yes,36,North Hastings COVID-19 Assessment Center,North Hastings COVID-19 Assessment Center,Quinte Healthcare Corporation,Quinte Healthcare Corporation,Bancroft,1 Manor Lane,1 Manor Lane,K0L 1C0,ON,45.055092,-77.864208,East,Est,13,Hastings and Prince Edward Counties Health Unit,Bureau de santé des comtès d'Hastings et de Prince Edward,613-332-2825 ext 2222,,10:00-18:00,10:00-18:00,10:00-18:00,10:00-18:00,10:00-18:00,,Yes,No,Yes,,Yes
Yes,37,Perth and Smiths Falls District Hospital - Smiths Falls Site,Hôpital du district de Perth et de Smiths Falls - Smiths Falls Site,Perth and Smiths Falls District Hospital,Hôpital du district de Perth et de Smiths Falls,Smiths Falls,60 Cornelia Street West,60 rue Cornelia Ouest,K7A 2H9,ON,44.907454,-76.027508,East,Est,7,"Leeds, Grenville and Lanark District Health Unit","""Leeds, Grenville et Lanark""",613-283-2330 ext. 1401,https://psfdh.on.ca/2020/04/03/community-assessment-centre/,8:00-18:00,8:00-18:00,8:00-18:00,8:00-18:00,8:00-18:00,,Yes,No,,No,
Yes,38,Prince Edward Community Centre,Centre communautaire Prince Edward,Prince Edward Covid-19 Assessment Centre,Centre d'èvaluation de la COVID-19 Prince Edward,Picton,375 Main Street,375 rue Main,K0K 2T0,ON,44.008797,-77.139402,East,Est,13,Hastings and Prince Edward Counties Health Unit,Bureau de santé des comtès d'Hastings et de Prince Edward,613-813-6864,https://hpepublichealth.ca/the-novel-coronavirus-2019ncov/,9:00-17:00,9:00-17:00,9:00-17:00,9:00-17:00,9:00-17:00,,Yes,No,Yes,,Yes
Yes,39,Queensway Carlton Hospital - D. Aubrey Moodie School,Queensway Carlton Hospital - École D. Aubrey Moodie,Queensway Carlton Hospital,Queensway Carlton Hospital,Ottawa,595 Moodie Drive,595 chemin Moodie,K2H 8A8,ON,45.310814,-75.825601,East,Est,8,Ottawa Public Health,Bureau de santé publique d'Ottawa,,https://www.ottawapublichealth.ca/en/shared-content/assessment-centres.aspx,9:00-15:30,9:00-15:30,9:00-15:30,9:00-15:30,9:00-15:30,,,Yes,,No,
Yes,40,Quinte Healthcare - Quinte Secondary School,Quinte Healthcare - École secondaire Quinte,Quinte Healthcare,Quinte Healthcare,Belleville,45 College St. West,45 rue College Ouest,K8P 2G3,ON,44.17531,-77.393179,East,Est,13,Hastings and Prince Edward Counties Health Unit,Bureau de santé des comtès d'Hastings et de Prince Edward,613-961-5544,https://hpepublichealth.ca/the-novel-coronavirus-2019ncov/,9:00-17:00,9:00-17:00,9:00-17:00,9:00-17:00,9:00-17:00,,Yes,,Yes,,Yes
Yes,41,Quinte West COVID-19 Assessment Centre,Centre d'èvaluation de la COVID-19 Quinte Ouest,Quinte Healthcare,Quinte Healthcare,Trenton,8 Couch Crescent,8 crescent Couch,K8V 5S6,ON,44.102899,-77.569555,East,Est,13,Hastings and Prince Edward Counties Health Unit,Bureau de santé des comtès d'Hastings et de Prince Edward,613-961-5544,https://hpepublichealth.ca/the-novel-coronavirus-2019ncov/,9:00-17:00,9:00-17:00,9:00-17:00,9:00-17:00,9:00-17:00,,Yes,,Yes,,Yes
,42,Cobden Arena,Cobden Arena,Arnprior Regional Health,Arnprior Regional Health,Cobden,43 Astrolabe Road,43 rue Astrolabe,K0J 1K0,ON,45.623129,-76.879507,East,Est,14,Renfrew County and District Health Unit,Bureau de santé du comtè de Renfrew et du district,1-844-727-6404,https://rcvtac.ca/,9:00-11:00,,,,9:00-11:00,,Yes,,,,
Yes,43,Civic Centre,Civic Centre,Arnprior Regional Health,Arnprior Regional Health,Petawawa,16 Civic Centre Road,16 rue Civic Centre,K8H 3H5,ON,45.894435,-77.259937,East,Est,14,Renfrew County and District Health Unit,Bureau de santé du comtè de Renfrew et du district,1-844-727-6404,https://rcvtac.ca/,,,,9:00-10:30,,,Yes,,,,
Yes,44,Pembroke Assessment Centre,Pembroke Assessment Centre,Arnprior Regional Health,Arnprior Regional Health,Pembroke,7 International Drive,7 allée International,K8A 6W5,ON,45.800448,-77.116602,East,Est,14,Renfrew County and District Health Unit,Bureau de santé du comtè de Renfrew et du district,1-844-727-6404,https://rcvtac.ca/,,9:00-10:30,,,,,Yes,,,,
,45,Deep River Arena,Deep River Arena,Arnprior Regional Health,Arnprior Regional Health,Deep River,2 Club House Road,2 rue Club House,K0J 1P0,ON,46.095052,-77.485164,East,Est,14,Renfrew County and District Health Unit,Bureau de santé du comtè de Renfrew et du district,1-844-727-6404,https://rcvtac.ca/,,,14:00-16:00,,,,Yes,,,,
Yes,46,Nick Smith Centre / Renfrew County Virtual Triage and Assessment Centre,Nick Smith Centre / Renfrew County Virtual Triage and Assessment Centre,Arnprior Regional Health,Arnprior Regional Health,Arnprior,77 James Street,77 rue James,K7S 1C9,ON,45.42557,-76.356357,East,Est,14,Renfrew County and District Health Unit,Bureau de santé du comtè de Renfrew et du district,1-844-727-6404,https://rcvtac.ca/,9:00-10:30,,,,14:00-16:00,,Yes,,,,
,47,Eganville Community Arena,Eganville Community Arena,Arnprior Regional Health,Arnprior Regional Health,Eganville,178 Jane Street,178 rue Jane,K0J 1T0,ON,45.541852,-77.105656,East,Est,14,Renfrew County and District Health Unit,Bureau de santé du comtè de Renfrew et du district,1-844-727-6404,https://rcvtac.ca/,,,14:00-16:00,,,,Yes,,,,
Yes,48,Ma-te-way Park,Ma-te-way Park,Arnprior Regional Health,Arnprior Regional Health,Renfrew,1 Ma Te Way Park Drive,1 allée Ma Te Way Park,K7V 2T5,ON,45.465465,-76.694201,East,Est,14,Renfrew County and District Health Unit,Bureau de santé du comtè de Renfrew et du district,1-844-727-6404,https://rcvtac.ca/,14:00-15:30,,,,18:00-20:00,,Yes,,,,
,49,Paul J Yakabuski Community Centre / Renfrew County Virtual Triage and Assessment Centre,Paul J Yakabuski Community Centre / Renfrew County Virtual Triage and Assessment Centre,Arnprior Regional Health,Arnprior Regional Health,Barry's Bay,65 Arena Road,65 rue Arena,K0J 1B0,ON,45.486426,-77.668443,East,Est,14,Renfrew County and District Health Unit,Bureau de santé du comtè de Renfrew et du district,1-844-727-6404,https://rcvtac.ca/,,,18:00-20:00,,,,Yes,,,,
Yes,50,Lindsay Fairgrounds,Lindsay Fairgrounds,Ross Memorial Hospital,Hôpital Ross Memorial,Lindsay,354 Angeline St South,354 rue Angeline Sud,K9V 4W9,ON,44.328483,-78.737622,East,Est,10,"Haliburton, Kawartha, Pine Ridge District Health Unit",Bureau de santé du district d'Haliburton-Kawartha-Pine Ridge,705-328-6217,https://www.rmh.org/covid-19,9:30-17:30,9:30-17:30,9:30-17:30,9:30-17:30,9:30-17:30,,,,Yes,,Yes
Yes,51,Trent Hills COVID19 Assessment Centre,Centre d'èvaluation de la COVID-19 de Trent Hills,Trent Hills Family Health Team + Northumberland County Ambulance & Paramedic Services,Trent Hills Family Health Team + Northumberland County Ambulance & Paramedic Services,Campbellford,179 Saskatoon Avenue,179 avenue Saskatoon,K0L 1L0,ON,44.30277,-77.799495,East,Est,10,"Haliburton, Kawartha, Pine Ridge District Health Unit",Bureau de santé du district d'Haliburton-Kawartha-Pine Ridge,705-395-1801,https://www.thfht.com/wp-content/uploads/2020/05/PRESS-RELEASE-May-25-2020-AC-Final.pdf,9:00-17:00,9:00-17:00,9:00-17:00,9:00-17:00,9:00-17:00,,,,,,
Yes,52,Winchester COVID-19 Assessment Centre,Winchester - Centre d’évaluation pour la COVID-19,Lions Club Hall,Salle du Club Lions,Winchester,515 Albert Street,515 rue Albert,K0C 2K0,ON,45.092745,-75.350378,East,Est,9,Eastern Ontario Health Unit,Bureau de santé de l'est de l'Ontario,1-800-267-7120,https://eohu.ca/en/covid/covid-19-testing-assessment-centres,12:00-18:00,12:00-18:00,12:00-18:00,12:00-18:00,12:00-18:00,,,,,,
Yes,53,Kinsmen Civic Centre,Kinsmen Civic Centre,Peterborough Public Health,Bureau de santé du Peterborough,Peterborough,1 Kinsmen Way,1 chemin Kinsmen,K9J 5Y6,ON,44.293856,-78.342428,East,Est,15,Peterborough Public Health,Bureau de santé du Peterborough,705-743-1000,https://www.peterboroughpublichealth.ca/your-health/diseases-infections-immunization/diseases-and-infections/novel-coronavirus-2019-ncov/#tested,9:00-16:30,9:00-16:30,9:00-16:30,9:00-16:30,9:00-16:30,,No,Yes,Yes,,Yes
Yes,54,COVID-19 Assessment Centre at PRHC,COVID-19 Assessment Centre at PRHC,Peterborough Regional Health Centre,Peterborough Regional Health Centre,Peterborough,1 Hospital Drive,1 chemin Hospital,K9J 7C6,ON,44.300025,-78.347609,East,Est,15,Peterborough Public Health,Bureau de santé du Peterborough,705-876-5086,https://www.prhc.on.ca/articles/default-category/207/covid-19-assessment-centre-at-prhc-now-available-by-calling-directly,9:00-17:00,9:00-17:00,9:00-17:00,9:00-17:00,9:00-17:00,,Yes,No,No,,
Yes,55,Northumberland Hills Hospital,Hôpital du Northumberland Hills,Northumberland Hills Hospital,Hôpital du Northumberland Hills,Cobourg,1000 Depalma Drive,1000 chemin Depalma,K9A 5W6,ON,43.976426,-78.202208,East,Est,10,"Haliburton, Kawartha, Pine Ridge District Health Unit",Bureau de santé du district d'Haliburton-Kawartha-Pine Ridge,905-377-7783,,8:00-16:00,8:00-16:00,8:00-16:00,8:00-16:00,8:00-16:00,,Yes,No,,Yes,
Yes,56,Atikokan Family Health Team,Équipe santé familiale d'Atikokan,Atikokan Family Health Team,Équipe santé familiale d'Atikokan,Atikokan,101 Zuke Road,101 chemin Zuke,P0T 1C0,ON,48.753128,-91.600594,North,Nord,16,Northwestern Health Unit,Bureau de santé publique du Nord-Ouest,807-597-8781 ext 0,https://atikokanfht.com/,9:00-16:00,9:00-16:00,9:00-16:00,9:00-16:00,9:00-16:00,Yes,Yes,No,,,
Yes,57,Hearst COVID-19 Assessment Centre,Centre d'èvaluation de la COVID-19 d'Hearst,Nord-Aski Family Health Team,Équipe santé fmailiale de Nord-Aski,Hearst,1403 Edward Street,1403 rue Edward,P0L 1N0,ON,49.68659,-83.678543,North,Nord,17,Porcupine Health Unit,Bureau de santé publique de Porcupine,705-362-5544,http://www.porcupinehu.on.ca/en/your-health/infectious-diseases/novel-coronavirus/covid-assessment-centres/,,9:00-12:00,,9:00-12:00,9:00-12:00,Yes,Yes,No,,,
Yes,58,Chapleau Health Services,Services de santé de Chapleau,Chapleau Health Services,Services de santé de Chapleaus,Chapleau,6 Broomhead Road,6 chemin Broomhead,P0M 1K0,ON,47.841198,-83.414963,North,Nord,18,Sudbury and District Health Unit,Bureau de santé publique de Sudbury et district,705-864-2568,https://www.sschs.ca/general/home.html,12:00-16:00,12:00-16:00,12:00-16:00,12:00-16:00,9:00-13:00,Yes,Yes,No,,,
Yes,59,NEOMO Medical,NEOMO Medical,NEOMO Medical,NEOMO Medical,Sudbury,885 Prete Street,885 rue Prete,P3E 3X9,ON,46.473037,-81.006321,North,Nord,18,Sudbury and District Health Unit,Bureau de santé publique de Sudbury et district,705-671-7373,https://www.hsnsudbury.ca/portalen/Patients-and-Visitors/COVID-19/COVID-19-Assessment-Centre,8:00-16:00,8:00-16:00,8:00-16:00,8:00-16:00,8:00-16:00,Yes,Yes,No,Yes,,Yes
Yes,60,Primacy Medical Centre,Primacy Medical Centre,Primacy Medical Centre,Primacy Medical Centre,Sudbury,1485 Lasalle Boulevard,1485 boulevard Lasalle,P3A 1Z8,ON,46.521729,-80.939584,North,Nord,18,Sudbury and District Health Unit,Bureau de santé publique de Sudbury et district,705-671-7373,https://www.hsnsudbury.ca/portalen/Patients-and-Visitors/COVID-19/COVID-19-Assessment-Centre,11:00-19:00,11:00-19:00,11:00-19:00,11:00-19:00,11:00-19:00,Yes,Yes,No,Yes,,Yes
Yes,61,Health Sciences North - HSNRI Assessment Centre,Horizon Santé-Nord - HSNRI Assessment Centre,Health Sciences North,Horizon Santé-Nord,Sudbury,56 Walford Road,56 chemin Walford,P3E 5J1,ON,46.464346,-81.002008,North,Nord,18,Sudbury and District Health Unit,Bureau de santé publique de Sudbury et district,705-671-7373,https://www.hsnsudbury.ca/portalen/Patients-and-Visitors/COVID-19/COVID-19-Assessment-Centre,9:00-17:00,9:00-17:00,9:00-17:00,9:00-17:00,9:00-17:00,Yes,Yes,No,Yes,,Yes
Yes,62,Dingwall Medical Clinic Building,Dingwall Medical Clinic Building,Dingwall Medical Clinic Building,Dingwall Medical Clinic Building,Dryden,40 Goodall Street,40 rue Goodall,P8N 2Z6,ON,49.769556,-92.840763,North,Nord,16,Northwestern Health Unit,Bureau de santé publique du Nord-Ouest,1-807-223-3737,http://www.drhc.on.ca/dryden-regional-health-centre-opens/,8:00-12:00&12:30-16:00,8:00-12:00&12:30-16:00,8:00-12:00&12:30-16:00,8:00-12:00&12:30-16:00,8:00-12:00&12:30-16:00,Yes,Yes,No,,,
Yes,63,Elliot Lake Family Health Team,Quipe santé familiale d'Elliot Lake,Elliot Lake Family Health Team,Quipe santé familiale d'Elliot Lake,Elliot Lake,31 Nova Scotia Walk,31 Nova Scotia Walk,P5A 1Y9,ON,46.38584,-82.649431,North,Nord,18,Sudbury and District Health Unit,Bureau de santé publique de Sudbury et district,705-461-8882,http://www.elfht.com/,8:00-16:00,8:00-16:00,8:00-16:00,8:00-16:00,8:00-16:00,Yes,Yes,No,,,
Yes,64,Englehart District Hospital,Englehart District Hospital,Englehart District Hospital,Englehart District Hospital,Englehart,63 Fifth Street,63 5e rue,P0J 1H0,ON,47.822706,-79.879251,North,Nord,1,Timiskaming Health Unit,Services de santé du Timiskaming,705-568-2127,http://www.timiskaminghu.com/90484/covid-19,9:00-13:00,9:00-13:00,9:00-13:00,9:00-13:00,9:00-13:00,Yes,Yes,No,Yes,,Yes
Yes,65,Espanola & Area COVID Mobile Assessment Centre,Centre d'èvaluation de la COVID-19 d'Espanola et région,Espanola Regional Hospital and Health Centre,Espanola Regional Hospital and Health Centre,Espanola,825 McKinnon Drive,825 chemin McKinnone,P5E 1R4,ON,46.248923,-81.780886,North,Nord,18,Sudbury and District Health Unit,Bureau de santé publique de Sudbury et district,705-869-1420 ext. 4500,http://www.espanolaregionalhospital.ca/covid-19,8:00-16:00,8:00-16:00,8:00-16:00,8:00-16:00,8:00-16:00,Yes,Yes,No,,,
Yes,66,Geraldton District Hospital / Greenstone Family Health Team Northern Horizon Health Centre,Hôpital du district de Geraldton District Hospital / Greenstone Family Health Team Northern Horizon Health Centre,Geraldton District Hospital,Hôpital du district de Geraldton District Hospital,Geraldton,510 Hogarth Avenue,510 avenue Hogarth,P0T 1M0,ON,49.723382,-86.95697,North,Nord,19,Thunder Bay District Health Unit,Bureau de santé du district de Thunder Bay,807-854-0224,http://www.geraldtondh.com/hospital-triage-area---covid-19,8:00-16:00,8:00-16:00,8:00-16:00,8:00-16:00,8:00-16:00,Yes,Yes,No,Yes,,Yes
Yes,67,Hornepayne Community Hospital,Hôpital communautaire de Hornepayne,Hornepayne Community Hospital,Hôpital communautaire de Hornepayne,Hornepayne,278 Front Street,278 rue Front,P0M 1Z0,ON,49.212129,-84.774749,North,Nord,17,Porcupine Health Unit,Bureau de santé publique de Porcupine,807-868-2442,https://www.porcupinehu.on.ca/en/your-health/infectious-diseases/novel-coronavirus/covid-assessment-centres/,9:30-11:30&1:30-15:30,9:30-11:30&1:30-15:30,9:30-11:30&1:30-15:30,9:30-11:30&1:30-15:30,9:30-11:30&1:30-15:30,Yes,Yes,No,,,
Yes,68,Michipicoten Memorial Community Centre,Michipicoten Memorial Community Centre,Lady Dunn Health Centre,Lady Dunn Health Centre,Wawa,3 Chris Simon Drive,3 chemin Chris Simon,P0S 1K0,ON,47.987685,-84.78018,North,Nord,20,Algoma Public Health Unit,Bureau de santé publique d'Algoma,705-856-2244 ext. 244,http://www.algomapublichealth.com/disease-and-illness/infectious-diseases/novel-coronavirus/#assessment,8:30-16:30,8:30-16:30,8:30-16:30,8:30-16:30,8:30-16:30,Yes,Yes,No,,,
Yes,69,Lake of the Woods District Hospital,Hôpital du district du lac des Bois,Lake of the Woods District Hospital,Hôpital du district du lac des Bois,Kenora,21 Sylvan Street,21 rue Sylvan Ouest,P9N 3W7,ON,49.768091,-94.499429,North,Nord,16,Northwestern Health Unit,Bureau de santé publique du Nord-Ouest,1-807-468-9861 ext 2483,http://www.lwdh.on.ca/,9:30-15:00,9:30-15:00,9:30-15:00,9:30-15:00,9:30-15:00,Yes,Yes,No,,,
Yes,70,Community Health Services Building,Community Health Services Building,LaVerendrye General Hospital and  Riverside Health Care,LaVerendrye General Hospital and  Riverside Health Care,Fort Frances,206 Victoria Avenue,206 avenue Victoria,P9A 2B7,ON,48.607046,-93.392275,North,Nord,16,Northwestern Health Unit,Bureau de santé publique du Nord-Ouest,1-807-274-3261 ext 4913,https://www.riversidehealthcare.ca/,8:00-16:00,8:00-16:00,8:00-16:00,8:00-16:00,8:00-16:00,Yes,Yes,No,Yes,,Yes
Yes,71,Manitoulin Health Centre,Centre de santé de Manitoulin,Manitoulin Health Centre,Centre de santé de Manitoulin,Little Current,11 Meredith Street East,rue Meredith Est,P0P 1K0,ON,45.979114,-81.926769,North,Nord,18,Sudbury and District Health Unit,Bureau de santé publique de Sudbury et district,705-368-2300,http://www.mhc.on.ca/covid-19,13:00-17:00,13:00-17:00,13:00-17:00,13:00-17:00,13:00-17:00,Yes,Yes,No,,,
Yes,72,Manitoulin Health Centre,Centre de santé de Manitoulin,Manitoulin Health Centre,Centre de santé de Manitoulin,Mindemoya,2120B Hwy 551,2120B Hwy 551,P0P 1S0,ON,45.738205,-82.166694,North,Nord,18,Sudbury and District Health Unit,Bureau de santé publique de Sudbury et district,705-368-2300,http://www.mhc.on.ca/covid-19,13:00-17:00,13:00-17:00,13:00-17:00,13:00-17:00,13:00-17:00,Yes,Yes,No,,,
Yes,73,Mattawa Hospital,Mattawa Hospital,Mattawa Hospital,Mattawa Hospital,Mattawa,217 Turcotte Park Road,217 chemin Turcotte,P0H 1V0,ON,46.311018,-78.713456,North,Nord,21,North Bay Parry Sound District Health Unit,Bureau de santé du district de North Bay-Parry Sound,705-744-5511 ext 0,https://www.mattawahealth.ca/News/mattawa-assessment-centre,8:00-12:00,,8:00-12:00,,8:00-12:00,,Yes,No,,,
Yes,74,Anson General Hospital site,Site de l'Hôpital général Anson,MICs Group - Anson General Hospital site,MICs Group - Site de l'Hôpital général Anson,Iroquois Falls,58 Anson Drive,58 chemin Anson,P0K 1E0,ON,48.769108,-80.685429,North,Nord,17,Porcupine Health Unit,Bureau de santé publique de Porcupine,1-888-962-8718,https://www.porcupinehu.on.ca/en/your-health/infectious-diseases/novel-coronavirus/covid-assessment-centres/,9:00-13:00,,9:00-13:00,,,Yes,Yes,No,,,
Yes,75,The Lady Minto Hospital/Boy Scout Hall,Hôpital Lady Minto/Boy Scout Hall,MICs Group - The Lady Minto Hospital/Boy Scout Hall,MICs Group - Hôpital Lady Mintol/Boy Scout Hall,Cochrane,438 11th Avenue,428 11e avenue,P0L 1C0,ON,49.071067,-81.017287,North,Nord,17,Porcupine Health Unit,Bureau de santé publique de Porcupine,1-888-962-8718,https://www.porcupinehu.on.ca/en/your-health/infectious-diseases/novel-coronavirus/covid-assessment-centres/,,9:00-13:00,,9:00-13:00,,Yes,Yes,No,,,
Yes,76,Nipigon District Memorial Hospital,Hôpital Memorial du district de Nipigon,Nipigon District Memorial Hospital,Hôpital Memorial du district de Nipigon,Nipigon,125 Hogan Road,125 chemin Hogan,P0T 2J0,ON,49.015611,-88.275905,North,Nord,19,Thunder Bay District Health Unit,Bureau de santé du district de Thunder Bay,807-887-5252,https://www.tbdhu.com/coronavirus,9:00-15:00,9:00-15:00,9:00-15:00,9:00-15:00,9:00-15:00,Yes,Yes,No,,,
Yes,77,North Bay Regional Health Centre,North Bay Regional Health Centre,North Bay Regional Health Centre,North Bay Regional Health Centre,North Bay,50 College Drive,50 chemin College,P1B 5A4,ON,46.334984,-79.49471,North,Nord,21,North Bay Parry Sound District Health Unit,Bureau de santé du district de North Bay-Parry Sound,705-474-8600 ext 4110,,9:00-17:00,9:00-17:00,9:00-17:00,9:00-17:00,9:00-17:00,Yes,Yes,No,,,
Yes,78,North of Superior Health Group - Marathon (Wilson site),North of Superior Health Group - Marathon (Wilson site),North of Superior Health Group - Marathon (Wilson site),North of Superior Health Group - Marathon (Wilson site),Marathon,26 Peninsula Road,26 chemin Peninsula,P0T 2E0,ON,48.718573,-86.3754,North,Nord,19,Thunder Bay District Health Unit,Bureau de santé du district de Thunder Bay,807-625-5900 or 1-888-294-6630,https://www.tbdhu.com/coronavirus,14:00-16:00,14:00-16:00,14:00-16:00,14:00-16:00,14:00-16:00,Yes,,,,,
Yes,79,North Shore Health Network - Blind River,North Shore Health Network - Blind River,North Shore Health Network - Blind River,North Shore Health Network - Blind River,Blind River,525 Causley Street,525 rue Causley,P0R 1B0,ON,46.187422,-82.924052,North,Nord,20,Algoma Public Health Unit,Bureau de santé publique d'Algoma,705-356-2265 ext. 2661,http://www.algomapublichealth.com/disease-and-illness/infectious-diseases/novel-coronavirus/#assessment,8:00-18:00,8:00-18:00,8:00-18:00,8:00-18:00,8:00-18:00,Yes,Yes,No,,,
Yes,80,North Shore Health Network - Thessalon,North Shore Health Network - Thessalon,North Shore Health Network - Thessalon,North Shore Health Network - Thessalon,Thessalon,135 Dawson Drive,135 chemin Dawson,P0R 1L0,ON,46.263058,-83.562473,North,Nord,20,Algoma Public Health Unit,Bureau de santé publique d'Algoma,705-356-2265 ext. 2662,http://www.algomapublichealth.com/disease-and-illness/infectious-diseases/novel-coronavirus/#assessment,8:00-16:00,8:00-16:00,8:00-16:00,8:00-16:00,8:00-16:00,Yes,Yes,No,,,
Yes,81,Rainy River Health Centre,Rainy River Health Centre,Rainy River Health Centre,Rainy River Health Centre,Rainy River,207 Victoria Avenue,207 avenue Victoria,P9A 2B7,ON,48.607083,-93.39302,North,Nord,16,Northwestern Health Unit,Bureau de santé publique du Nord-Ouest,1-807-274-3261 ext. 4913,https://www.riversidehealthcare.ca/,13:00-15:00,13:00-15:00,13:00-15:00,13:00-15:00,13:00-15:00,Yes,Yes,No,,,
Yes,82,Under Red Lake Pharmacy,Under Red Lake Pharmacy,Red Lake Hospital,Red Lake Hospital,Red Lake,51G Hwy 105,51G Hwy 105,P0V 2M0,ON,51.013295,-93.822435,North,Nord,16,Northwestern Health Unit,Bureau de santé publique du Nord-Ouest,1-807-727-7035,https://www.nwhu.on.ca/covid19/Pages/self-assessment.aspx,9:00-14:00,9:00-14:00,9:00-14:00,9:00-14:00,,,Yes,No,,,
Yes,83,Santé Manitouwadge Health,Santé Manitouwadge Health,Santé Manitouwadge Health,Santé Manitouwadge Health,Manitouwadge,1 Health Care Crescent,1 Healthcare Crescent,P0T 2C0,ON,49.127701,-85.824681,North,Nord,19,Thunder Bay District Health Unit,Bureau de santé du district de Thunder Bay,807-826-3251 ext 221,https://www.nwhu.on.ca/covid19/Pages/self-assessment.aspx,8:00-19:00,8:00-19:00,8:00-19:00,8:00-19:00,8:00-19:00,Yes,Yes,No,,,
Yes,84,Sault Area Hospital / Kal Tire,Hôpital de Sault-Sainte-Marie / Kal Tire,Sault Area Hospital,Hôpital de Sault-Sainte-Marie,Sault Ste. Marie,165 Drive In Road,165 chemin Drive In,P6B 5X5,ON,46.547984,-84.321432,North,Nord,20,Algoma Public Health Unit,Bureau de santé publique d'Algoma,705-759-3434 ext 7152,http://www.algomapublichealth.com/disease-and-illness/infectious-diseases/novel-coronavirus/#assessment,8:00-20:00,8:00-20:00,8:00-20:00,8:00-20:00,8:00-20:00,,Yes,No,,,
Yes,85,Sensenbrenner Hospital / Le Centre des Loisirs,Hôpital Sensenbrenner / Le Centre des Loisirs,Sensenbrenner Hospital,Hôpital Sensenbrenner,Kapuskasing,7 Aurora Avenue,7 avenue Aurora,P5N 1J6,ON,49.419325,-82.429848,North,Nord,17,Porcupine Health Unit,Bureau de santé publique de Porcupine,705-367-4613,https://www.porcupinehu.on.ca/en/your-health/infectious-diseases/novel-coronavirus/covid-assessment-centres/,,9:00-12:00,9:00-12:00,,9:00-12:00,Yes,Yes,No,,,
Yes,86,Meno Ya Win Health Centre,Meno Ya Win Health Centre,Sioux Lookout Meno Ya Win Health Centre,Sioux Lookout Meno Ya Win Health Centre,Sioux Lookout,1 Meno Ya Win Way,1 chemin Meno Ya Win,P8T 1B4,ON,50.106023,-91.92795,North,Nord,16,Northwestern Health Unit,Bureau de santé publique du Nord-Ouest,1-807-737-5880,https://www.nwhu.on.ca/covid19/Pages/self-assessment.aspx,9:00-17:00,9:00-17:00,9:00-17:00,9:00-17:00,9:00-17:00,,Yes,No,,,
Yes,87,Smooth Rock Falls Hospital,Hôpital de Smooth Rock Falls,Smooth Rock Falls Hospital,Hôpital de Smooth Rock Falls,Smooth Rock Falls,193 Gordon Avenue,193 avenue Gordon,P0L 2B0,ON,49.278581,-81.62079,North,Nord,17,Porcupine Health Unit,Bureau de santé publique de Porcupine,705-338-2788,https://www.porcupinehu.on.ca/en/your-health/infectious-diseases/novel-coronavirus/covid-assessment-centres/,9:00-12:00,,9:00-12:00,,9:00-12:00,Yes,Yes,No,,,
Yes,88,Superior North EMS Community Paramedicine Program,Superior North EMS Community Paramedicine Program,Superior North EMS,Superior North EMS,Thunder Bay,105 Junot Avenue South,105 avenue Junot Sud,P7B 4X6,ON,48.444634,-89.254335,North,Nord,19,Thunder Bay District Health Unit,Bureau de santé du district de Thunder Bay,807-625-5900,https://www.tbdhu.com/coronavirus,7:00-19:00,7:00-19:00,7:00-19:00,7:00-19:00,7:00-19:00,,Yes,No,Yes,,Yes
Yes,89,Temiskaming Hospital,Hôpital Temiskaming,Temiskaming Hospital,Hôpital Temiskaming,Temiskaming Shores,421 Shepherdson Road,421 chemin Shepherdson,P0J 1P0,ON,47.495213,-79.693163,North,Nord,1,Timiskaming Health Unit,Bureau de santé de Timiskaming,705-648-1844,,10:00-12:00&13:00-16:00,10:00-12:00&13:00-16:00,10:00-12:00&13:00-16:00,10:00-12:00&13:00-16:00,10:00-12:00&13:00-16:00,Yes,Yes,No,Yes,,Yes
Yes,90,Thunder Bay Assessment Centre,Centre d'évaluation de Thunder Bay,Thunder Bay Regional Health Sciences Centre,Centre régional des sciences de la santé de Thunder Bay,Thunder Bay,980 Oliver Road,980 chemin Oliver,P7B 6V4,ON,48.424784,-89.269319,North,Nord,19,Thunder Bay District Health Unit,Bureau de santé du district de Thunder Bay,807-625-5900,https://www.tbdhu.com/coronavirus,8:00-20:00,8:00-20:00,8:00-20:00,8:00-20:00,8:00-20:00,Yes,Yes,No,,,
Yes,91,CMHA Cochrane-Temiskaming,CMHA Cochrane-Temiskaming,Timmins and District Hospital,Hôpital de Timmins et du district,Timmins,330 2nd Avenue Suite #301,330 avenue Second,P4N 8A4,ON,48.473616,-81.325501,North,Nord,17,Porcupine Health Unit,Bureau de santé publique de Porcupine,705-267-1993,https://www.porcupinehu.on.ca/en/your-health/infectious-diseases/novel-coronavirus/covid-assessment-centres/,8:30-12:30,8:30-12:30,8:30-12:30,8:30-12:30,8:30-12:30,Yes,Yes,No,,,
Yes,92,"Weeneebayko General Hospital, Moose Factory",Weeneebayko General Hospital,Weeneebayko Area Health Authority,Weeneebayko Area Health Authority,Moose Factory,19 Hospital Drive,19 chemin Hospital,P0L 1W0,ON,51.25027,-80.616541,North,Nord,17,Porcupine Health Unit,Bureau de santé publique de Porcupine,1-877-658-9242,https://www.waha.ca/covid-19/,8:00-16:00,8:00-16:00,8:00-16:00,8:00-16:00,8:00-16:00,Yes,Yes,No,,,
Yes,93,Fort Albany Hospital,Fort Albany Hospital,Weeneebayko Area Health Authority,Weeneebayko Area Health Authority,Fort Albany,5 Airport Road,5 chemin Airport,P0L 1H0,ON,52.206719,-81.684853,North,Nord,17,Porcupine Health Unit,Bureau de santé publique de Porcupine,705-336-2294 ext. 326,https://www.waha.ca/covid-19/,8:00-16:00,8:00-16:00,8:00-16:00,8:00-16:00,8:00-16:00,Yes,Yes,No,,,
Yes,94,Attawapiskat Hospital,Attawapiskat Hospital,Weeneebayko Area Health Authority,Weeneebayko Area Health Authority,Attawapiskat,972 Riverside East,972 Riverside Est,P0L 1A0,ON,52.922613,-82.425772,North,Nord,17,Porcupine Health Unit,Bureau de santé publique de Porcupine,705-336-2294 ext. 326,https://www.waha.ca/covid-19/,8:00-16:00,8:00-16:00,8:00-16:00,8:00-16:00,8:00-16:00,Yes,Yes,No,,,
Yes,95,Moosonee Health Centre,Moosonee Health Centre,Weeneebayko Area Health Authority,Weeneebayko Area Health Authority,Moosonee,5 Percy's Way,5 chemin Percy's,P0L 1Y0,ON,51.271219,-80.65086,North,Nord,17,Porcupine Health Unit,Bureau de santé publique de Porcupine,705-336-2294 ext. 326,https://www.waha.ca/covid-19/,8:00-16:00,8:00-16:00,8:00-16:00,8:00-16:00,8:00-16:00,Yes,Yes,No,,,
Yes,96,Kashechewan Health Services,Kashechewan Health Services,Weeneebayko Area Health Authority,Weeneebayko Area Health Authority,Kashechewan,,,P0L 1S0,ON,,,North,Nord,17,Porcupine Health Unit,Bureau de santé publique de Porcupine,705-336-2294 ext. 326,https://www.waha.ca/covid-19/,8:00-16:00,8:00-16:00,8:00-16:00,8:00-16:00,8:00-16:00,Yes,Yes,No,,,
Yes,97,Peawanuck Nursing Station,Peawanuck Nursing Station,Weeneebayko Area Health Authority,Weeneebayko Area Health Authority,Peawanuck,,,P0L 2H0,ON,,,North,Nord,17,Porcupine Health Unit,Bureau de santé publique de Porcupine,705-336-2294 ext. 326,https://www.waha.ca/covid-19/,8:00-16:00,8:00-16:00,8:00-16:00,8:00-16:00,8:00-16:00,Yes,Yes,No,,,
Yes,98,West Nipissing General Hospital,Hôpital général de Nipissing Ouest,West Nipissing General Hospital,Hôpital général de Nipissing Ouest,Sturgeon Falls,219 O'Hara Street,219 rue O'Hara,P2B 2Y6,ON,46.367086,-79.917254,North,Nord,21,North Bay Parry Sound District Health Unit,Bureau de santé du district de North Bay-Parry Sound,705-580-2186,https://www.myhealthunit.ca/en/health-topics/coronavirus.asp,12:00-16:00,12:00-16:00,,12:00-16:00,12:00-16:00,Yes,Yes,No,,,
Yes,99,West Parry Sound Health Centre,West Parry Sound Health Centre,West Parry Sound Health Centre,West Parry Sound Health Centre,Parry Sound,"70 Joseph Street, Unit 105 & 106",70 rue Joseph,P2A 2G5,ON,45.35937,-80.042996,North,Nord,21,North Bay Parry Sound District Health Unit,Bureau de santé du district de North Bay-Parry Sound,705-746-4540 ext 5030,https://www.myhealthunit.ca/en/health-topics/coronavirus.asp,8:00-16:00,8:00-16:00,8:00-16:00,8:00-16:00,8:00-16:00,Yes,Yes,No,,,
Yes,100,"North of Superior Health Group - McCausland, Terrace Bay ","North of Superior Health Group - McCausland, Terrace Bay ","North of Superior Health Group - McCausland, Terrace Bay ","North of Superior Health Group - McCausland, Terrace Bay ",Terrace Bay,20B Cartier Road,20B rue Cartier,P0T 2W0,ON,48.780226,-87.106507,North,Nord,19,Thunder Bay District Health Unit,Bureau de santé du district de Thunder Bay,807-825-3235,,10:00-12:00,10:00-12:00,10:00-12:00,10:00-12:00,,Yes,Yes,No,,,
Yes,101,Humber River Hospital Assessment Centre,Centre d'évaluation de l'Hôpital Humber River,Humber River Hospital,Hôpital Humber River,Toronto,2111 Finch Avenue West,2111 avenue Finch Ouest,M3N 1N1,ON,43.754813,-79.525921,Toronto,Toronto,22,Toronto Public Health,Bureau de santé de Toronto,416-747-6740,https://www.hrh.ca/covid-19/,10:00-18:00,10:00-18:00,10:00-18:00,10:00-18:00,10:00-18:00,,,,,,
Yes,102,Michael Garron Hospital - Emergency Department,Michael Garron Hospital - Emergency Department,Michael Garron Hospital,Hôpital Michael Garron,Toronto,825 Coxwell Avenue,825 avenue Coxwell,M4C 3E7,ON,43.68991,-79.324858,Toronto,Toronto,22,Toronto Public Health,Bureau de santé de Toronto,416-469-6858,https://www.tehn.ca/programs-services/covid-19-assessment-centre,00:00-00:00,00:00-00:00,00:00-00:00,00:00-00:00,00:00-00:00,,,Yes,,,
Yes,103,Michael Garron Hospital - Outpatient Clinic,Michael Garron Hospital - Outpatient Clinic,Michael Garron Hospital,Hôpital Michael Garron,Toronto,825 Coxwell Avenue,825 avenue Coxwell,M4C 3E7,ON,43.68991,-79.324858,Toronto,Toronto,22,Toronto Public Health,Bureau de santé de Toronto,416-469-6858,https://www.tehn.ca/programs-services/covid-19-assessment-centre,8:00-20:00,8:00-20:00,8:00-20:00,8:00-20:00,8:00-20:00,,Yes,No,,,
,104,Market Place Temporary Assessment Centre,Market Place Temporary Assessment Centre,Michael Garron Hospital,Hôpital Michael Garron,Toronto,4 The Market Place,4 The Market Place,M4C 5M1,ON,43.695869,-79.292138,Toronto,Toronto,5,York Region Public Health Services,Bureau de santé publique de la région de York,416-469-6858,https://www.tehn.ca/programs-services/covid-19-assessment-centre,12:00-20:00,12:00-20:00,12:00-20:00,12:00-20:00,12:00-20:00,,,,,,
Yes,105,Mount Sinai Hospital,Hôpital Mount Sinai,Mount Sinai Hospital,Hôpital Mount Sinai,Toronto,600 University Avenue,600 avenue University,M5G 1X5,ON,43.657575,-79.390096,Toronto,Toronto,22,Toronto Public Health,Bureau de santé de Toronto,416-586-4800 ext. 4924 or 4893,https://www.sinaihealth.ca/covid19/,8:00-12:00,8:00-12:00,8:00-12:00,8:00-12:00,8:00-12:00,,,,,,
Yes,106,North York General Hospital - Branson,Hôpital général de North York - Branson,North York General Hospital - Branson,Hôpital général de North York - Branson,Toronto,555 Finch Avenue West,555 avenue Finch Ouest,M2R 1N5,ON,43.772477,-79.448125,Toronto,Toronto,22,Toronto Public Health,Bureau de santé de Toronto,416-756-6000,https://nygh.on.ca/covid-19-updates,8:00-20:00,8:00-20:00,8:00-20:00,8:00-20:00,8:00-20:00,,,,,,
Yes,107,North York General Hospital - Emergency Department,Hôpital général de North York - Département d'urgence,North York General Hospital,Hôpital général de North York,Toronto,4001 Leslie Street (Ambulance Bay),4001 rue Leslie (baie d'ambulance),M2K 1E1,ON,43.769147,-79.362744,Toronto,Toronto,22,Toronto Public Health,Bureau de santé de Toronto,,,00:00-00:00,00:00-00:00,00:00-00:00,00:00-00:00,00:00-00:00,,,,,,
Yes,108,Scarborough Health Network - Birchmount,Scarborough Health Network - Birchmount,Scarborough Health Network - Birchmount,Scarborough Health Network - Birchmount,Toronto,3030 Birchmount Road,3030 chemin Birchmount,M1W 3W3,ON,43.801819,-79.309055,Toronto,Toronto,22,Toronto Public Health,Bureau de santé de Toronto,416-495-2601,https://www.shn.ca/covid19-assess/,9:00-17:00,9:00-17:00,9:00-17:00,9:00-17:00,9:00-17:00,,,,,,
Yes,109,Scarborough Health Network Centenary Site,Scarborough Health Network Centenary Site,Scarborough Health Network Centenary Site,Scarborough Health Network Centenary Site,Toronto,2867 Ellesmere Road,2867 chemin Ellesmere,M1E 4B9,ON,43.780444,-79.20456,Toronto,Toronto,22,Toronto Public Health,Bureau de santé de Toronto,416-495-2601,https://www.shn.ca/covid19-assess/,10:00-19:00,10:00-19:00,10:00-19:00,10:00-19:00,10:00-19:00,,,,,,
Yes,110,Sunnybrook Health Sciences Centre,Sunnybrook Health Sciences Centre,Sunnybrook Health Sciences Centre,Sunnybrook Health Sciences Centre,Toronto,2075 Bayview Avenue,2075 avenue Bayview,M4N 3M5,ON,43.721782,-79.376026,Toronto,Toronto,22,Toronto Public Health,Bureau de santé de Toronto,,https://sunnybrook.ca/content/?page=novel-coronavirus-covid-19-assessment-centre,12:00-19:30,12:00-19:30,12:00-19:30,12:00-19:30,12:00-19:30,,,,,,
Yes,111,Toronto Western Hospital,Hôpital Toronto Western,UHN - Toronto Western Hospital,UHN - Hôpital Toronto Western,Toronto,347 Bathurst Street,337 rue Bathurst,M5T 2S7,ON,43.652594,-79.405856,Toronto,Toronto,22,Toronto Public Health,Bureau de santé de Toronto,416-603-5809 ext. 6110,https://www.uhn.ca/Covid19,12:00-20:00,12:00-20:00,12:00-20:00,12:00-20:00,12:00-20:00,,,,,,
Yes,112,St. Joseph's Health Centre,St. Joseph's Health Centre,Unity - St. Joseph's Health Centre (SJHC),Unity - St. Joseph's Health Centre (SJHC),Toronto,30 The Queensway,30 The Queensway,M6R 1B5,ON,43.640709,-79.450139,Toronto,Toronto,22,Toronto Public Health,Bureau de santé de Toronto,416-530-6720,https://unityhealth.to/patients-and-families/coronavirus-information-for-patients-and-families/,8:00-20:00,8:00-20:00,8:00-20:00,8:00-20:00,8:00-20:00,,,,,,
Yes,113,St Michael's Hospital,St Michael's Hospital,Unity - St Michael's Hospital (SMH),Unity - St Michael's Hospital (SMH),Toronto,209 Victoria Street,209 rue Victoria,M5B 1T8,ON,43.654721,-79.378662,Toronto,Toronto,22,Toronto Public Health,Bureau de santé de Toronto,416-864-5800,https://unityhealth.to/patients-and-families/coronavirus-information-for-patients-and-families/,8:30-18:00,8:30-18:00,8:30-18:00,8:30-18:00,8:30-18:00,,,,,Yes,
Yes,114,Womens College Hospital,Womens College Hospital,Womens College Hospital,Womens College Hospital,Toronto,76 Grenville Street,76 rue Grenville,M5S 1B2,ON,43.661634,-79.387628,Toronto,Toronto,22,Toronto Public Health,Bureau de santé de Toronto,,https://www.womenscollegehospital.ca/patients-and-caregivers/coronavirus-(covid-19)-information-for-patients-and-visitors/,9:00-17:00,9:00-17:00,9:00-17:00,9:00-17:00,9:00-17:00,,,,,No,
Yes,115,Twin Bridges Nurse Practitioner Clinic,Twin Bridges Nurse Practitioner Clinic,Bluewater Health Sarnia,Bluewater Health Sarnia,Sarnia,153 Christina Street South,153 rue Christina,N7T 2M0,ON,42.968947,-82.408908,West,Ouest,23,Lambton Health Unit,Bureau de santé de Lambton,226-776-9030,https://lambtonpublichealth.ca/2019-novel-coronavirus/testing-criteria/,16:00-20:00,16:00-20:00,16:00-20:00,16:00-20:00,9:00-14:00,,,,,,
Yes,116,Brant Community Healthcare System,Brant Community Healthcare System,Brant Community Healthcare System,Brant Community Healthcare System,Brantford,200 Terrace Hill Street,200 rue Terrace Hill,N3R 1G9,ON,43.152517,-80.27636,West,Ouest,24,Brant County Health Unit,Bureau de santé du comtè de Brant,519-751-5818,,8:00-16:00,8:00-16:00,8:00-16:00,8:00-16:00,8:00-16:00,,,,,,
Yes,117,Cambridge Assessment Centre,Centre d'èvaluation de Cambridge,Cambridge Memorial Hospital,Hôpital Memorial de Cambridge,Cambridge,700 Coronation Boulevard,700 boul. Coronation,N1R 3G2,ON,43.377891,-80.327434,West,Ouest,25,"Region of Waterloo, Public Health",Bureau de santé publique de la région de Waterloo,519-621-2333 ext 2689,,8:30-20:30,8:30-20:30,8:30-20:30,8:30-20:30,8:30-20:30,,Yes,No,,,
Yes,118,Chatham-Kent Health Alliance,Alliance Chatham-Kent pour la santé,Chatham-Kent Health Alliance,Alliance Chatham-Kent pour la santé,Chatham,47 Emma Street,47 rue Emma,N7L 1A6,ON,42.406531,-82.191812,West,Ouest,26,Chatham-Kent Health Unit,Bureau de santé de Chatham-Kent,519-352-6400 ext. 6548,,9:00-16:20,9:00-16:20,9:00-16:20,9:00-16:20,9:00-16:20,Yes,,,,,
Yes,119,Erie Shores Healthcare,Erie Shores Healthcare,Erie Shores Healthcare,Erie Shores Healthcare,Leamington,194 Talbot Street West,194 rue Talbot Ouest,N8H 1N9,ON,42.048807,-82.614178,West,Ouest,27,Windsor-Essex County Health Unit,Bureau de santé du comtè de Windsor-Essex,519-326-2373 ext 4263,,8:00-18:00,8:00-18:00,8:00-18:00,8:00-18:00,8:00-18:00,,,,,,
Yes,120,Goderich Columbus Banquet Hall,Goderich Columbus Banquet Hall,Goderich Assessment Centre,Goderich Assessment Centre,Goderich,390 Parsons Court,390 Parsons Court,N7A 4K3,ON,43.730283,-81.695605,West,Ouest,28,Huron Perth Health Unit,Bureau de santé de Huron Perth,1-888-221-2133 ext. 3267,https://www.hpph.ca/en/news/coronavirus-covid19-update.aspx#Testing-tracing-and-results-for-COVID-19,10:00-16:00,10:00-16:00,10:00-16:00,10:00-16:00,10:00-16:00,,Yes,Yes,,,
,121,Grand River Hospital COVID-19 Testing Centre,Grand River Hospital COVID-19 Testing Centre,Grand River Hospital,Hôpital Grand River,Kitchener,835 King Street West,835 rue King Ouest,N2G 1G3,ON,43.456239,-80.511992,West,Ouest,25,"Region of Waterloo, Public Health",Bureau de santé publique de la région de Waterloo,519-749-4300 ext 6824,https://www.smgh.ca/covid-19-testing-available-for-k-w-residents-with-symptoms-starting-may-16/,7:30-18:30,7:30-18:30,7:30-18:30,7:30-18:30,7:30-18:30,,,,,,
Yes,122,Grand River Hospital - Drive Thru COVID-19 Assessment Center,Grand River Hospital - Drive Thru COVID-19 Assessment Center,Grand River Hospital - Drive Thru COVID-19 Assessment Center,Grand River Hospital - Drive Thru COVID-19 Assessment Center,Kitchener,131 Glasgow Street,131 rue Glasgow,N2G 2G9,ON,43.451987,-80.513943,West,Ouest,25,"Region of Waterloo, Public Health",Bureau de santé publique de la région de Waterloo,,,7:30-17:30,7:30-17:30,7:30-17:30,7:30-17:30,7:30-17:30,,No,Yes,Yes,,Yes
Yes,123,Grey Bruce Health Services - Owen Sound,Grey Bruce Health Services - Owen Sound,Grey Bruce Health Services - Owen Sound,Grey Bruce Health Services - Owen Sound,Owen Sound,1800 8th Street East,1800 8e rue Est,N4K 6M0,ON,44.567422,-80.912233,West,Ouest,29,Grey Bruce Health Unit,Bureau de santé de Grey Bruce,519-378-1466,https://www.sbghc.on.ca/coronavirus/assessment-centres,12:00-16:00,12:00-16:00,12:00-16:00,12:00-16:00,12:00-16:00,,,,,,
Yes,124,Guelph General Hospital / Victoria Road Recreation Centre,Guelph General Hospital / Victoria Road Recreation Centre,Guelph General Hospital,Hôpital général de Guelph,Guelph,151 Victoria Road North,151 chemin Victoria Nord,N1E 5H5,ON,43.563486,-80.239575,West,Ouest,4,Wellington-Dufferin-Guelph Health Unit,Bureau de santé de Wellington-Dufferin-Guelph,,https://www.wdgpublichealth.ca/your-health/covid-19-information-public/assessment-centres-wdg,8:00-20:00,8:00-20:00,8:00-20:00,8:00-20:00,8:00-20:00,,,,,,
Yes,125,Dave Andreychuk Mountain Arena Assessment Centre,Dave Andreychuk Mountain Arena Assessment Centre,Hamilton Family Health Team,Hamilton Family Health Team,Hamilton,25 Hester Street,26 rue Hester,L9A 2N3,ON,43.22559,-79.880934,West,Ouest,30,Hamilton Public Health Services,Services de santé publique d'Hamilton,905-974-9848,https://www.hamilton.ca/coronavirus/assessment-centres,10:00-16:00,10:00-16:00,10:00-16:00,10:00-16:00,10:00-16:00,,Yes,Yes,Yes,No,Yes
Yes,126,Hamilton Health Sciences,Hamilton Health Sciences,Hamilton Health Sciences,Hamilton Health Sciences,Hamilton,690 Main Street West,690 rue Main Ouest,L8S 1A4,ON,43.26044,-79.897864,West,Ouest,30,Hamilton Public Health Services,Services de santé publique d'Hamilton,905-974-9848,https://www.hamilton.ca/coronavirus/assessment-centres,11:00-17:00,11:00-17:00,11:00-17:00,11:00-17:00,11:00-17:00,,Yes,,,,
Yes,127,Hanover and District Hospital,Hôpital de Hanover et du district,Hanover and District Hospital,Hôpital de Hanover et du district,Hanover,90 7th Avenue,90 7e avenue,N4N 2G9,ON,44.141506,-81.029323,West,Ouest,29,Grey Bruce Health Unit,Bureau de santé de Grey Bruce,,https://www.sbghc.on.ca/coronavirus/assessment-centres,12:30-16:30,12:30-16:30,12:30-16:30,12:30-16:30,12:30-16:30,,,,Yes,,Yes
Yes,128,Joseph Brant Hospital,Joseph Brant Hospital,Joseph Brant Hospital,Joseph Brant Hospital,Burlington,1245 Lakeshore Blvd,1245 boulevard Lakeshore,L7S 0A2,ON,43.317101,-79.802344,West,Ouest,3,Halton Region Health Department,Service de santé de la région d'Halton,"905-632-3737, ext. 6550",https://www.halton.ca/For-Residents/New-Coronavirus#03,8:00-19:00,8:00-19:00,8:00-19:00,8:00-19:00,8:00-19:00,,Yes,,,,
Yes,129,Listowel Wingham Hospitals Alliance,Listowel Wingham Hospitals Alliance,Listowel Wingham Hospitals Alliance,Listowel Wingham Hospitals Alliance,Listowel,285 Sarah Avenue North,285 avenue Sarah Nord,N4W 2P5,ON,43.732433,-80.94992,West,Ouest,28,Huron Perth Health Unit,Bureau de santé de Huron Perth,519-291-4200,https://lwha.ca/covid-19-up-to-date-information-you-need-to-know/,,10:00-14:00,10:00-14:00,10:00-14:00,,,Yes,,,,
Yes,130,Oakridge Arena,Oakridge Arena,London Health Sciences / St. Joseph's Healthcare London / Middlesex PHU,London Health Sciences / St. Joseph's Healthcare London / Middlesex PHU,London,825 Valetta Street,825 rue Valetta,N6H 2Z2,ON,42.975279,-81.305895,West,Ouest,31,Middlesex-London Health Unit,Bureau de santé de Middlesex-London,,https://www.healthunit.com/covid-19-concerns,9:00-17:00,9:00-17:00,9:00-17:00,9:00-17:00,9:00-17:00,,,,,,
Yes,131,Rural Wellington Assessment Centre / Mount Forest & District Sports Complex,Rural Wellington Assessment Centre / Mount Forest & District Sports Complex,Mount Forest Family Health Team,Mount Forest Family Health Team,Mount Forest,850 Princess Street,850 rue Princess,N0G 2L3,ON,43.973529,-80.745876,West,Ouest,4,Wellington-Dufferin-Guelph Health Unit,Bureau de santé de Wellington-Dufferin-Guelph,519-323-0255 ext. 5082,https://www.wdgpublichealth.ca/your-health/covid-19-information-public/assessment-centres-wdg,10:00-18:00,,10:00-18:00,,10:00-18:00,,Yes,Yes,,,
Yes,132,Niagara Health Greater Niagara General Site,Niagara Health Greater Niagara General Site,Niagara Health Greater Niagara General Site,Niagara Health Greater Niagara General Site,Niagara Falls,5673 North Street,5673 rue North,L2G 1J4,ON,43.094159,-79.088878,West,Ouest,32,Niagara Region Public Health Department,Service de santé publique régionale de Niagara,905-378-4647 ext 42819,https://www.niagarahealth.on.ca/site/news/2020/03/24/niagara-healths-covid-19-assessment-centres,9:00-17:00,9:00-17:00,9:00-17:00,9:00-17:00,9:00-17:00,,Yes,,,,
Yes,133,Niagara Health St. Catharines Site,Niagara Health St. Catharines Site,Niagara Health St. Catharines Site,Niagara Health St. Catharines Site,St. Catharines,1200 Fourth Avenue,1200 4e avenue,L2S 0A9,ON,43.153843,-79.278522,West,Ouest,32,Niagara Region Public Health Department,Service de santé publique régionale de Niagar,905-378-4647 ext 42819,https://www.niagarahealth.on.ca/site/news/2020/03/24/niagara-healths-covid-19-assessment-centres,9:00-17:00,9:00-17:00,9:00-17:00,9:00-17:00,9:00-17:00,,Yes,,,,
Yes,134,Rural Lambton Assessment Center,Rural Lambton Assessment Center,Bluewater Health,Bluewater Health,Petrolia,"4130 Glenview Road, Unit 3",4130 hemin Glenview,N0N 1R0,ON,42.877325,-82.148468,West,Ouest,23,Lambton Health Unit,Bureau de santé de Lambton,519-882-2500,https://lambtonpublichealth.ca/2019-novel-coronavirus/testing-criteria/,13:30-16:30,13:30-16:30,13:30-16:30,13:30-16:30,13:30-16:30,,Yes,,,,
Yes,135,Six Nations COVID-19 Assessment & Drive-Through Test Centre,Six Nations COVID-19 Assessment & Drive-Through Test Centre,Restricted to Six Nations members and providers only,Accès réservé uniquement aux membres et aux fournisseurs des Six Nations,Ohsweken,1738 Fourth Line Road,1738 chemin Fourth Line,N0A 1M0,ON,43.069122,-80.122986,West,Ouest,35,,,,,8:00-20:00,8:00-20:00,8:00-20:00,8:00-20:00,8:00-20:00,,,,,,
Yes,136,South Bruce Grey Health Centre - Kincardine Campus,South Bruce Grey Health Centre - Kincardine Campus,South Bruce Grey Health Centre,South Bruce Grey Health Centre,Kincardine,1199 Queen Street,1199 rue Queen,N2Z 1J4,ON,44.189085,-81.625465,West,Ouest,29,Grey Bruce Health Unit,Bureau de santé de Grey Bruce,519-370-2400 ext 4313,https://www.sbghc.on.ca/coronavirus/assessment-centres,12:00-16:00,12:00-16:00,12:00-16:00,12:00-16:00,12:00-16:00,,,,,,
Yes,137,South Huron and Grand Bend Assessment Centre,South Huron and Grand Bend Assessment Centre,South Huron Hospital Association – Grand Bend and Area CHC,South Huron Hospital Association ‚ Grand Bend and Area CHC,Grand Bend,69 Main Street East,69 rue Main Est,N0M 1T0,ON,43.343664,-81.480958,West,Ouest,28,Huron Perth Health Unit,Bureau de santé de Huron Perth,519-238-2362,https://lambtonpublichealth.ca/2019-novel-coronavirus/testing-criteria/,13:30-16:00,13:30-16:00,13:30-16:00,13:30-16:00,13:30-16:00,,Yes,,Yes,,Yes
Yes,138,St. Joseph's Healthcare Hamilton - East End,St. Joseph's Healthcare Hamilton - East End,St. Joseph's Healthcare Hamilton - East End,St. Joseph's Healthcare Hamilton - East End,Hamilton,2757 King Street East,2757 rue King Est,L8G 5E4,ON,43.2218,-79.774373,West,Ouest,30,Hamilton Public Health Services,Services de santé publique d'Hamilton,905-974-9848,https://www.hamilton.ca/coronavirus/assessment-centres,16:00-20:00,16:00-20:00,16:00-20:00,16:00-20:00,16:00-20:00,,,,,,
Yes,139,Carling Heights Optimist Community Centre,Carling Heights Optimist Community Centre,St. Joseph's Healthcare London and London Health Sciences Centre,St. Joseph's Healthcare London and London Health Sciences Centre,London,656 Elizabeth Street,656 rue Elizabeth,N5Y 6L3,ON,42.998736,-81.228895,West,Ouest,31,Middlesex-London Health Unit,Bureau de santé de Middlesex-London,,https://www.healthunit.com/covid-19-concerns,11:00-19:00,11:00-19:00,11:00-19:00,11:00-19:00,11:00-19:00,,,,,,
Yes,140,Kitchener-Waterloo-Wilmot-Wellesley-Woolwich (KW4) Community Assessment Centre - Westmount Plaza,Kitchener-Waterloo-Wilmot-Wellesley-Woolwich (KW4) Community Assessment Centre - Westmount Plaza,St. Mary's General Hospital and Westmount Place Walk-In Clinic,Hôpital général St. Mary et Westmount Place Walk-In Clinic,Waterloo,50 Westmount Road North,50 chemin Westmount Nord,N2L 6J7,ON,43.46128,-80.537704,West,Ouest,25,"Region of Waterloo, Public Health",Bureau de santé publique de la région de Waterloo,519-954-0111,https://www.smgh.ca/care-services-support/covid-19-updates/,9:00-16:00,9:00-20:00,9:00-20:00,9:00-20:00,9:00-20:00,,Yes,Yes,,,
Yes,141,St. Mary's General Hospital - Bathurst Site,Hôpital général St. Mary - Site Bathurst,St. Mary's General Hospital Cardiac Rehabilitation Centre,Hôpital général St. Mary - Centre de réadaptation cardiaque,Waterloo,"50 Bathurst Drive, Unit 1","50 allée Bathurst, 1",N2V 2C5,ON,43.507454,-80.538638,West,Ouest,25,"Region of Waterloo, Public Health",Bureau de santé publique de la région de Waterloo,519-885-9517,https://www.smgh.ca/covid-19-testing-available-for-k-w-residents-with-symptoms-starting-may-16/,9:00-17:00,9:00-17:00,9:00-17:00,9:00-17:00,9:00-17:00,,Yes,Yes,,,
Yes,142,St. Thomas Elgin General Hospital,Hôpital général de St. Thomas-Elgin,St. Thomas Elgin General Hospital,Hôpital général de St. Thomas-Elgin,St. Thomas,189 Elm Street,189 rue Elm,N5R 5C4,ON,42.763425,-81.180145,West,Ouest,33,Southwestern Public Health,Bureau de santé publique du Sud-Ouest,519-631-2030 ext. 6210,https://www.stegh.on.ca/node/626,8:00-18:00,8:00-18:00,8:00-18:00,8:00-18:00,8:00-18:00,,Yes,No,No,Yes,
Yes,143,Tillsonburg District Memorial Hospital,Tillsonburg District Memorial Hospital,Tillsonburg District Memorial Hospital,Tillsonburg District Memorial Hospital,Tillsonburg,17 Bear Street,17 rue Bear,N4G 1V4,ON,42.863656,-80.733757,West,Ouest,33,Southwestern Public Health,Bureau de santé publique du Sud-Ouest,,,8:00-16:00,8:00-16:00,8:00-16:00,8:00-16:00,8:00-16:00,,Yes,No,,,No
Yes,144,West Haldimand General Hospital,Hôpital général de Haldimand-Ouest,West Haldimand General Hospital,Hôpital général de Haldimand-Ouest,Hagersville,75 Parkview Road,75 chemin Parkview,N0A 1H0,ON,42.959342,-80.041081,West,Ouest,34,Haldimand-Norfolk Health Unit,Bureau de santé de Haldimand-Norfolk,905-768-3311 Ext. 1113,https://www.whgh.ca/,9:00-15:00,9:00-15:00,9:00-15:00,9:00-15:00,9:00-15:00,,Yes,,,,
Yes,145,Windsor Regional Hospital - Ouellette Campus,Hôpital régional de Windsor - Campus Ouellette,Windsor Regional Hospital - Ouellette Campus,Hôpital régional de Windsor - Campus Ouellette,Windsor,1030 Ouellette Avenue,1030 avenue Ouellette,N9A 1E1,ON,42.309167,-83.031869,West,Ouest,27,Windsor-Essex County Health Unit,Bureau de santé du comtè de Windsor-Essex,519-254-5577,https://www.wrh.on.ca/coronavirus,9:00-18:00,9:00-18:00,9:00-18:00,9:00-18:00,9:00-18:00,,,,,,
Yes,146,Woodstock General Hospital,Hôpital général de Woodstock,Woodstock General Hospital,Hôpital général de Woodstock,Woodstock,310 Juliana Drive,310 chemin Juliana,N4V 0A4,ON,43.106722,-80.753799,West,Ouest,33,Southwestern Public Health,Southwestern Public Health,1-855-905-6148,https://www.wgh.on.ca/,10:00-20:00,10:00-20:00,10:00-20:00,10:00-20:00,10:00-20:00,,Yes,No,No,Yes,Yes
Yes,147,Stratford General Hospital,Stratford General Hospital,Stratford General Hospital,Stratford General Hospital,Stratford,46 General Hospital Drive,46 allée General Hospital,N5A 2Y6,ON,43.368184,-80.995492,West,Ouest,28,Huron Perth Health Unit,Bureau de santé de Huron Perth,519-272-8210 ext 2747,,10:30-21:30,10:30-21:30,10:30-21:30,10:30-21:30,10:30-21:30,,Yes,,,,
Yes,148,Niagara Health - Welland Hospital Site (WHS),Santé de Niagara - Hôpital de Welland,Niagara Health,Santé de Niagara,Welland,65 Third Street,"65, Troisième rue",L3B 4W6,ON,42.979233,-79.24921,West,Ouest,32,Niagara Region Public Health Department,,905-378-4647 ext 42819,https://www.niagarahealth.on.ca/site/news/2020/05/25/niagara-health-expands-testing-at-assessment-centres,9:00-17:00,,9:00-17:00,,9:00-17:00,,Yes,Yes,,,
Yes,149,Killaloe - Killaloe Curling Club/Renfrew County Virtual Triage and Assessment Centre,Killaloe - Club de curling de Killaloe/Centre virtuel de triage et d'évaluation du comté de Renfrew,Arnprior Regional Health,Arnprior Regional Health,Killaloe,34 Cameron Street,"34, rue Cameron",K0J 2A0,ON,45.55808,-77.415574,East,Est,14,Renfrew County and District Health Unit,,1-844-727-6404,,,,,14:00-15:30,,,,,,Yes,
Yes,150,Royal Victoria Regional Health Centre - Clinic C,Centre régional de santé Royal Victoria - Clinique C,Royal Victoria Regional Health Centre,Centre régional de santé Royal Victoria,Barrie,201 Georgian Drive,"201, allée Georgian",L4M 6M2,ON,44.415558,-79.66247,Central,Centre,,Simcoe Muskoka District Health Unit,,,https://www.rvh.on.ca/SitePages/coronavirus.aspx,10:00-18:00,10:00-18:00,10:00-18:00,10:00-18:00,10:00-18:00,,,Yes,Yes,Yes,